gene,cluster
MIR99AHG,1
RUNX1T1,1
RUNX1T1,1
MSRB3,1
NEGR1,1
BOC,1
FAT4,1
CCDC80,1
INMT,1
PAK3,1
ASPN,1
RGS7BP,1
JAM2,1
DDR2,1
RUNX1T1,1
AOX1,1
PPP1R14A,1
PKDCC,1
ZCCHC24,1
ADGRD1,1
FHL1,1
ACTA2,1
SBSPON,1
SPON1,1
NKD1,1
BMP4,1
TCF21,1
BNC2,1
PKNOX2,1
SYNC,1
ZCCHC24,1
BOC,1
PID1,1
COPZ2,1
BHMT2,1
PAMR1,1
C1QTNF7,1
TCEAL7,1
BHMT2,1
IRAG1,1
FSTL1,1
PKNOX2,1
KANK2,1
CRYAB,1
MRGPRF,1
LINC01798,1
RERG,1
SLIT2,1
COL16A1,1
FBLN5,1
CCL14,1
DNM3OS,1
EMCN,1
CPED1,1
WFDC1,1
ITSN1,1
PLAC9,1
RAB23,1
TAFA5,1
TNS2,1
TPM2,1
ITGA9,1
DIXDC1,1
HSPB2,1
JAM2,1
LTBP1,1
EFEMP2,1
HSPA12A,1
CALD1,1
BNC2,1
TCF21,1
SPARCL1,1
FBLN2,1
SYNDIG1,1
TNXB,1
"NAV3",1
LAMA2,1
JAM3,1
MMP23B,1
ITSN1,1
TWIST2,1
TSPAN7,1
ZFPM2,1
SBSPON,1
SNED1,1
PDZRN3,1
DDR2,1
ADGRA2,1
CALD1,1
LDB2,1
PPP1R12B,1
BEND6,1
COX7A1,1
RUNX1T1,1
EMILIN1,1
TNXA,1
BNC2,1
PREX2,1
MAOB,1
EMCN,1
MSRB3,1
RAB23,1
GALNT15,1
C16orf89,1
LRRN4CL,1
DACT3,1
CNRIP1,1
NFIX,1
GALNT15,1
BNC2,1
ADH1B,1
AQP1,1
CALD1,1
PKIG,1
HMCN1,1
MXRA7,1
AVPR1A,1
RERG,1
ACOX2,1
PALLD,1
OMD,1
EMCN,1
CALD1,1
FILIP1L,1
TNXB,1
DCHS1,1
LHFPL6,1
LAMA2,1
FERMT2,1
ADGRA2,1
TNXA,1
GLT8D2,1
SOBP,1
DDR2,1
EFEMP2,1
SH3RF3,1
PCDH9,1
SPON1,1
CALD1,1
LMCD1,1
PCOLCE,1
PRKG1,1
MAP1B,1
PDE5A,1
CPXM2,1
"NAP1L3",1
SSTR1,1
CRISPLD2,1
FILIP1L,1
CES1,1
TAGLN,1
LAMA2,1
"NAV3",1
GXYLT2,1
CALD1,1
EFHD1,1
KCNT2,1
ADAMTS9-AS2,1
SCN4B,1
AVPR1A,1
RHOJ,1
CPXM2,1
CAVIN2,1
LIMS2,1
FIBIN,1
GPRASP1,1
LAMC3,1
ITGA7,1
MSRB3,1
PALLD,1
DNM3OS,1
FAM229B,1
FRRS1L,1
OLFML1,1
RBP1,1
PTGER3,1
WNT2B,1
GLI2,1
PRICKLE2,1
KCNMB1,1
SYNPO,1
APOD,1
TNS1,1
WNT2B,1
ITGA8,1
HSPB6,1
PAK3,1
CLSTN2,1
C7,1
PNMA8A,1
SMARCD3,1
SPARC,1
C1QTNF2,1
ADAMTS5,1
AQP1,1
DACH1,1
MAGI2-AS3,1
CLMP,1
BAG2,1
KCNE4,1
PTGFR,1
TAFA5,1
TEK,1
CAVIN1,1
KCNE4,1
VSTM4,1
TNS1,1
NR2F2,1
MAP1A,1
FXYD6,1
RHOJ,1
RRAD,1
ENPP1,1
PDLIM3,1
ZBTB20,1
HHIP,1
HLF,1
COL6A2,1
SYNE1,1
BAG2,1
DCN,1
MYOCD,1
CLIP3,1
AOC3,1
FGFR1,1
HSPB6,1
PRELP,1
SYNPO2,1
MXRA7,1
LTBP1,1
EPB41L2,1
FBXL7,1
TPM1,1
ITGA8,1
MAMLD1,1
PARM1,1
LMO3,1
IGFBP7,1
TMOD1,1
BNC2,1
DACT1,1
A2M,1
CALD1,1
PCDH9,1
RECK,1
CAVIN1,1
LONRF2,1
TPM1,1
ITIH3,1
STARD13,1
EPB41L2,1
ADAMTS5,1
TMEM100,1
LINC00312,1
SHE,1
CARMN,1
PDE1A,1
DCN,1
CYYR1,1
FILIP1,1
CALD1,1
ITGA7,1
MOXD1,1
NIPSNAP3B,1
TPM1,1
JCAD,1
TMEM119,1
ANKRD52,1
GLT8D2,1
CAVIN1,1
PDE3A,1
TIMP2,1
EBF1,1
FGF2,1
NKD1,1
EBF1,1
KCNT2,1
SCARA3,1
ADAMTSL1,1
ZBTB20,1
DAAM2,1
GAS6,1
ZBTB20,1
ECM2,1
COPG2IT1,1
HLF,1
MYH10,1
MN1,1
NFATC4,1
SGCD,1
HEPH,1
PALLD,1
FCER1A,1
ZBTB20,1
MYH10,1
SRPX,1
DIRAS3,1
CDH11,1
RBMS3,1
NR2F2,1
ATRNL1,1
FERMT2,1
FGFR1,1
TIMP2,1
ROR1,1
MYRIP,1
VSTM4,1
TTLL7,1
NCAM1,1
CAVIN2,1
RRAD,1
ACKR1,1
PARM1,1
SOD3,1
GUCY1A1,1
ABCA9,1
JCAD,1
MOXD1,1
NHSL2,1
CALD1,1
SBSPON,1
ZNF423,1
LMOD1,1
CYBRD1,1
FBLN1,1
EBF3,1
ISLR,1
MRAS,1
RASL12,1
CCDC3,1
IRAG1,1
CSRP1,1
CLMP,1
AEBP1,1
GATA5,1
DPYSL2,1
SGCD,1
MYOCD,1
WNT2B,1
SLC24A3,1
CNTN1,1
PRSS35,1
ASXL3,1
NEXN,1
CFD,1
EBF1,1
AKAP12,1
RERGL,1
RAB23,1
MXRA7,1
STARD9,1
DES,1
ELN,1
NEXN,1
MXRA8,1
C8orf88,1
ANXA6,1
PEG3,1
CH25H,1
MAP1B,1
DKK3,1
FAM110B,1
CD302,1
LHFPL6,1
CYS1,1
ERG,1
PNMA2,1
CFL2,1
FHL5,1
RBMS3,1
COL21A1,1
GPC6,1
PODN,1
FGF7P3,1
CFL2,1
C7,1
RNF180,1
FILIP1,1
RHOJ,1
SGCG,1
ADAMTS5,1
CNTN1,1
GAS7,1
GSN,1
IGDCC4,1
SOBP,1
FRZB,1
GNG11,1
ZBTB20,1
ITGA1,1
PEG3,1
SOX17,1
RCAN2,1
ZNF300P1,1
ZEB1,1
ABCA8,1
ZNF536,1
ASPA,1
AGTR1,1
PDE1A,1
FKBP7,1
NFIA,1
CLEC10A,1
ERG,1
PCSK5,1
C8orf88,1
NIPSNAP3B,1
CD248,1
ZNF536,1
NR2F2,1
GSTM5,1
ITGA1,1
KCNJ8,1
ZBTB20,1
FBLN1,1
KIRREL1,1
ZBTB20,1
BBOF1,1
TGFB3,1
MAP3K20,1
GXYLT2,1
CPE,1
SGCA,1
HLF,1
ACTN1,1
SETBP1-DT,1
ACTN1,1
DKK3,1
PDE3A,1
SMIM10,1
PDE1A,1
BICC1,1
HOTAIR,1
GAS6,1
HIP1,1
HSD17B6,1
TIE1,1
TSPAN2,1
DKK3,1
SLC24A3,1
RARRES2,1
GNAL,1
NR2F2,1
CLU,1
FERMT2,1
HSPG2,1
PDGFRB,1
RHOJ,1
CGNL1,1
CHODL,1
TCF4,1
TCF7L1,1
KIAA1210,1
ZEB1,1
KRT222,1
TMOD1,1
ANTXR1,1
ROR2,1
DACH1,1
CFL2,1
SVEP1,1
WDFY3-AS2,1
PDE1A,1
MBNL1-AS1,1
C1R,1
PTGDS,1
ADARB1,1
PPP1R12B,1
SOX17,1
DOK5,1
FGF7,1
GPM6A,1
MAP3K20,1
PTGDS,1
FRZB,1
FXYD1,1
ZNF521,1
NFASC,1
MAGI2-AS3,1
BAG2,1
COL8A2,1
PDE2A,1
RASGRP2,1
ZNF536,1
MAP3K20,1
RNF180,1
NRXN2,1
DNAJB4,1
GUCY1A1,1
CACNA1C,1
PTGDS,1
A2M-AS1,1
RAMP1,1
PTCH1,1
NTN1,1
COL6A1,1
C14orf132,1
DNAJC12,1
KLF9,1
COL1A2,1
FSTL1,1
KCNAB1,1
PDLIM7,1
IGFBP5,1
HSD17B6,1
MYH11,1
FMOD,1
FIBIN,1
ABCC9,1
ANKRD29,1
IL6ST,1
ITM2A,1
NCAM1,1
GPM6A,1
WLS,1
TCF4,1
FOXF1,1
ADAMTSL3,1
PLSCR4,1
ZNF521,1
MYH11,1
EBF3,1
PCSK5,1
KL,1
MAP1B,1
ADRA2A,1
KCNJ8,1
PGR,1
AKAP12,1
EMP1,1
MAP3K20,1
NR2F2,1
NPY5R,1
NR2F2-AS1,1
MCAM,1
CORIN,1
MUSTN1,1
AKAP12,1
GUCY1A1,1
AGTR1,1
LUM,1
SLC30A4,1
PDLIM7,1
HEY2,1
STON1,1
CCN2,1
IRAG1,1
KLF2,1
NPY1R,1
MSC-AS1,1
KCNH2,1
SCN3A,1
IL1R1,1
DKK3,1
ATP8B2,1
NFIA,1
RASGRP2,1
ACACB,1
ADAM22,1
TNS1,1
GUCY1A1,1
TMEM200B,1
MYLK,1
TSHZ3,1
NIBAN1,1
GYPC,1
SELP,1
TCF4,1
ABCB1,1
FLNA,1
TGFBR2,1
WWTR1,1
MCAM,1
ANGPTL1,1
DSTN,1
CYYR1,1
ITM2A,1
FOXC2,1
C1QTNF7,1
WLS,1
GRK5,1
ADAMTS9-AS2,1
MEF2C,1
TXNL1,1
LAMB2,1
NR2F2,1
SLCO2A1,1
IGFBP7,1
COL3A1,1
HGF,1
MASP1,1
MEG3,1
PAK3,1
HSPB7,1
ABCB1,1
ADAM33,1
SERPINF1,1
MGARP,1
AKAP12,1
ZEB2,1
TRIL,1
PEAR1,1
DPYSL3,1
HIF3A,1
HIC1,1
FGF13,1
PRICKLE1,1
LYVE1,1
NFIA,1
FGFR1,1
CNN3,1
CASQ2,1
GSN,1
PER1,1
MBNL1-AS1,1
COL8A2,1
LPP,1
SH3BGR,1
COL4A2,1
FGF7P6,1
CARMN,1
POU6F1,1
TSPAN2,1
SORBS2,1
NFIA,1
TMEM35A,1
RBMS3,1
SCARA3,1
EDNRB,1
TTLL7,1
RBMS3,1
RGN,1
CPEB1,1
TRPC1,1
FAM149A,1
SNAP25,1
COL6A2,1
STXBP1,1
ROR1,1
MYCT1,1
NFIA,1
KATNAL1,1
FLNA,1
CCN3,1
FAM107A,1
GNG7,1
SPEG,1
ANGPTL1,1
LDB3,1
CDH11,1
JCAD,1
ANTXR1,1
BIN1,1
FLNC,1
UCHL1,1
CAV1,1
RTN1,1
BVES,1
FZD1,1
PLCL1,1
FZD2,1
SORBS2,1
REEP1,1
COL4A4,1
PDLIM7,1
FLNA,1
SLC16A4,1
TUBA1A,1
SGCB,1
GLIS3,1
ZBTB20,1
BIN1,1
ENTPD1,1
EDNRA,1
TRPC1,1
IGFBP5,1
CCN3,1
ZBTB16,1
RAB30,1
AXIN2,1
PALM2AKAP2,1
C14orf132,1
BIN1,1
GLIS2,1
TGFB1I1,1
RTN1,1
LOC101927263,1
ARHGAP28,1
TRPC1,1
KCNMA1,1
LUM,1
C11orf96,1
RBPMS2,1
SFRP4,1
NR2F1,1
KCNK3,1
PRDM6,1
KLF9,1
TSC22D3,1
SFRP4,1
MYADM,1
DTNA,1
ARHGAP20,1
CACNB2,1
PDLIM2,1
AKT3,1
MRC2,1
ACACB,1
ITGA1,1
CORO2B,1
FBXO32,1
FZD1,1
PALM2AKAP2,1
GJA5,1
ASPA,1
NTRK3,1
PDE1A,1
CAV1,1
COL4A2,1
SGCB,1
CPE,1
ITIH5,1
NFIA,1
FAM149A,1
EPHA3,1
FBXL22,1
RASSF8-AS1,1
LIX1L,1
CTSK,1
COL5A1,1
CXCL12,1
FAM43A,1
MGP,1
PCDH18,1
TCF4,1
ITGBL1,1
NIBAN1,1
MEG3,1
MICU3,1
HHIP,1
SNAP25,1
PDE8B,1
PRICKLE1,1
FOXP2,1
FBN1,1
IGFBP7,1
SPRY1,1
PRDM6,1
RAB9B,1
MYADM,1
LRCH2,1
KLHDC1,1
ENTPD1,1
TNRC6C,1
ANGPTL1,1
DSEL,1
SMAD9,1
PRICKLE1,1
PABPC4L,1
HEG1,1
WDFY3-AS2,1
GEM,1
WLS,1
RAB30,1
FLRT2,1
RASSF3,1
AGT,1
SEMA3E,1
TCF4,1
STK33,1
PDK4,1
ADAMTS3,1
ITGA8,1
PKD2,1
MGLL,1
GNG11,1
BMPR1B,1
SELENOM,1
CMAHP,1
SVIL,1
SFRP2,1
FILIP1,1
NDNF,1
LYVE1,1
ZBTB47,1
PDCD6-AHRR,1
DPT,1
ITPR1,1
"NAALAD2",1
PCSK5,1
TNFAIP8L3,1
SOX5,1
AKT3,1
CLIC4,1
GREM2,1
PRRT2,1
FOXP2,1
PALM2AKAP2,1
CEP126,1
TSHZ3,1
RYR3,1
GNAL,1
NXPE3,1
MEIS2,1
C3orf70,1
ATP10A,1
C3orf70,1
DSTN,1
PIP4P2,1
SLC8A1,1
FZD7,1
MMP16,1
SPARC,1
EPDR1,1
SORBS2,1
GATA6,1
CYP2U1,1
HOXD8,1
FILIP1,1
SYT11,1
DPT,1
COL4A4,1
NTRK3,1
BGN,1
TM4SF18,1
THSD7A,1
ADAMTS9-AS2,1
MGLL,1
KCNIP4,1
VWF,1
DCLK1,1
BGN,1
CALCRL,1
COL6A1,1
CEP112,1
CC2D2A,1
JAZF1,1
NEURL1B,1
MEG3,1
DTNA,1
COL5A1,1
NOSTRIN,1
CCL19,1
EBF2,1
LPP,1
ANKRD29,1
ITIH5,1
BMPR1B,1
MCAM,1
EPM2A-DT,1
DNASE1L3,1
NME5,1
COL8A1,1
FAM149A,1
SEMA3G,1
CDH11,1
CAVIN3,1
SGIP1,1
ANGPT1,1
TCF4,1
KALRN,1
CAP2,1
HTR2A,1
HEG1,1
NTM,1
GASK1B,1
PRDM16,1
CSGALNACT1,1
FMO2,1
ICA1L,1
COL1A2,1
COL15A1,1
CDO1,1
TSLP,1
SUSD2,1
VIT,1
OLFML3,1
MCAM,1
NID2,1
ANGPTL2,1
KLF9,1
COL5A1,1
CDH11,1
SLIT3,1
NLGN1,1
GPC4,1
ZEB2,1
LEPR,1
CDH11,1
CAP2,1
EHD2,1
COL8A1,1
DKK2,1
PTGDR,1
ZNF677,1
CCL21,1
HTR2A,1
S1PR3,1
NR1H4,1
AMOTL1,1
SLC1A2,1
FAXDC2,1
SPART,1
OR51E2,1
CNTN4,1
P2RY14,1
GIMAP1,1
MMP2,1
CAND2,1
GUCY1A2,1
UBE2QL1,1
RGS5,1
PCOLCE2,1
GUCY1A2,1
LDLRAD4,1
APCDD1,1
RGS5,1
NT5E,1
CMAHP,1
PGM5,1
C12orf75,1
ADCY9,1
DNAJB4,1
GPR155,1
SLC8A1,1
GUCY1B1,1
RNF150,1
EHD2,1
SSPN,1
GUCY1B1,1
RRAS,1
IGFBP5,1
UACA,1
ESR1,1
FZD7,1
DPY19L2P2,1
RCSD1,1
RAI2,1
C1S,1
IGFBP5,1
FAM162B,1
GPRASP2,1
SCARA5,1
SLIT3,1
TMX4,1
ITGBL1,1
FAM20C,1
MEF2C,1
MEG3,1
SDC2,1
VCL,1
NTM,1
RPS6KA2,1
KLHL13,1
HOXA11,1
ATP1A2,1
RGS5,1
PROS1,1
HACD1,1
MEOX1,1
MICAL2,1
LINC00924,1
GAS1,1
ZEB1,1
NR2F1,1
OSR2,1
SEPTIN6,1
SMTN,1
FZD10,1
GPR155,1
REEP1,1
KCNAB1,1
ISM1,1
PIP5K1B,1
SSPN,1
VIM,1
LRRC17,1
SVIL,1
SEPTIN11,1
PDGFC,1
COL3A1,1
CCDC69,1
GPM6B,1
RGS5,1
"NAP1L5",1
PAGE4,1
CREB5,1
PDGFRA,1
THSD7A,1
LINC01140,1
IGFBP2,1
PDE8B,1
MYLK,1
RGS4,1
ITGBL1,1
TCEAL3,1
MMRN1,1
SUSD5,1
THSD7A,1
CAPN6,1
EDNRA,1
"NACC2",1
CNN3-DT,1
NR1H4,1
EML1,1
ARHGAP24,1
C1S,1
PDK4,1
LDOC1,1
SYNE3,1
RNF150,1
SGCE,1
EBF1,1
TPM1,1
NFIB,1
SSPN,1
RORA,1
ITGBL1,1
CFI,1
COL3A1,1
COLEC12,1
EVC,1
THSD7A,1
SORBS2,1
MEIS1,1
PARD3B,1
MS4A2,1
WWTR1,1
PDGFC,1
COL3A1,1
LEF1,1
TSPOAP1-AS1,1
LDB3,1
TPSAB1,1
EMP1,1
ABCA6,1
COL6A3,1
SEPTIN6,1
TBX18,1
AIF1L,1
ATP8B4,1
GUCY1A2,1
LGALS1,1
MAGI2,1
GLIS3,1
RASL11B,1
RNF150,1
IGF1,1
PPP1R3C,1
"NAP1L5",1
ABI3BP,1
CFI,1
CKMT2,1
KLHL5,1
ZNF471,1
DPYSL3,1
LRRC32,1
PMP22,1
FBN1,1
PPARGC1A,1
MEIS1,1
ITGBL1,1
PTPRD,1
HPGDS,1
SACS,1
TPSB2,1
SEPTIN6,1
CCDC69,1
ACTC1,1
RUNDC3B,1
MEOX2,1
COL6A1,1
GPM6B,1
SVEP1,1
NFASC,1
TPSAB1,1
HIF3A,1
CD1E,1
NDN,1
DPY19L2,1
HOXC10,1
DMD,1
EDNRB,1
GPX8,1
IGF1,1
HTR2A,1
COL1A1,1
TPSAB1,1
CCN4,1
RHOB,1
TNC,1
MICAL2,1
RNASE4,1
HDAC4,1
RGS2,1
PCDH9,1
P2RY12,1
ANKRD6,1
NLGN1,1
CADM2,1
TP73-AS1,1
DZIP1,1
TGFB2,1
CEP126,1
PDE5A,1
PRRX1,1
JPH2,1
GUCY1A2,1
KLHL5,1
PDK4,1
ZNF677,1
PRTFDC1,1
CPA3,1
PLCXD3,1
RIMKLB,1
ZBTB20,1
THSD4,1
GFPT2,1
SLC8A1,1
PRUNE2,1
"NALCN",1
CLU,1
TPSAB1,1
ALDH1L2,1
SYTL2,1
RNASE4,1
RBPMS,1
EPHA7,1
KLHL14,1
CRISPLD1,1
"NAP1L2",1
STAC,1
CCN1,1
TPSAB1,1
FGF9,1
GULP1,1
ANKRD6,1
HDAC9,1
CFH,1
SEPTIN6,1
PGM5-AS1,1
P2RX1,1
DPY19L2,1
ASB2,1
GHR,1
PRRX1,1
PRKAR2B,1
FBN1,1
EDIL3,1
CLU,1
GLIPR1,1
VCAN,1
ALDH1A1,1
GIMAP1,1
IL17D,1
COL18A1,1
ARHGEF37,1
SDC2,1
C3,1
ABI3BP,1
LRIG1,1
TPSAB1,1
NFIB,1
DCLK1,1
ASB2,1
PI15,1
RAPGEF5,1
COL1A2,1
SLC25A27,1
ADGRB3,1
MPDZ,1
LAMA4,1
SCARA5,1
OLFM1,1
MPDZ,1
DNALI1,1
NFIB,1
ARHGEF26,1
MED12L,1
PRKAA2,1
COL4A1,1
GLIPR2,1
COL6A6,1
C3orf80,1
PROM1,1
EML1,1
CCN1,1
TNC,1
ENTPD1,1
COL1A1,1
ATRNL1,1
EDNRB,1
NR3C2,1
COL13A1,1
CPQ,1
SCN7A,1
SYTL2,1
SLC27A6,1
PIGR,1
TSPAN4,1
TPM1,1
OLFM1,1
CADM2,1
PLCXD3,1
PELI2,1
SLC8A1,1
MAP2,1
CCN4,1
CCND2,1
CREB5,1
TCF4,1
BGN,1
NFIB,1
IL17RD,1
SETBP1,1
KLHL5,1
GPM6B,1
RIMKLB,1
PAX8,1
PLEKHH2,1
GIMAP7,1
PHLDB2,1
MT1M,1
PRUNE2,1
TGFBI,1
SCD5,1
GIMAP6,1
SEMA6D,1
HSPA2,1
LTBP2,1
COL4A3,1
LTBP2,1
SCUBE3,1
SELENOP,1
GIMAP6,1
GNA14,1
GREM1,1
ATXN1,1
CELF2,1
PRKD1,1
CDC42EP3,1
SPON2,1
PDZD2,1
TIMP3,1
GGTA1,1
PTPRN2,1
PAM,1
CKB,1
ENPP6,1
CYP1B1,1
GULP1,1
CYP1B1,1
GJC1,1
GULP1,1
FAT3,1
TUB,1
KBTBD11,1
GJC1,1
IGSF10,1
GLIPR1,1
THBS1,1
VCAN,1
PLA2G4C,1
WIF1,1
SETBP1,1
SLC25A27,1
GLIPR1,1
VCAN,1
VCAN,1
GREM1,1
VCAN,1
PRKAA2,1
ADGRL3,1
B3GALT2,1
NR2F1-AS1,1
NEXMIF,1
CDC42EP3,1
THBS1,1
COL18A1,1
ACSS3,1
RSPO3,1
PCDH7,1
DEGS1,1
LRRK2,1
FABP3,1
PTN,1
DEGS1,1
CYP1B1,1
PLXDC2,1
TMEM255A,1
PLPPR4,1
PLCB4,1
MITF,1
PAPPA,1
CFHR1,1
ADGRL3,1
PLCB4,1
ZNF385B,1
SLC4A4,1
EPB41L3,1
FGF9,1
FAM171A1,1
BDNF,1
DIRAS2,1
STEAP2,1
DENND5B,1
CYP39A1,1
CADM1,1
IRAK3,1
TNC,1
PAPPA,1
ADCY2,1
LIFR,1
ARHGAP15,1
LGI1,1
TMEFF2,1
EVA1C,1
B3GALT2,1
EPB41L3,1
WIPF3,1
ADRA1A,1
CACNA2D3,1
CADM2,1
CNTNAP3,1
STXBP6,1
KCNQ4,1
GPX8,1
RASSF9,1
TRIM6,1
NCALD,1
DCLK1,1
CHN2,1
KCNMA1,1
IGFBP6,1
PAPPA,1
POSTN,1
PRRX1,1
PAPPA,1
PTN,1
GIMAP8,1
EGR1,1
CDC42EP3,1
PAPSS2,1
SERPINE2,1
NTRK2,1
FEZ1,1
EPB41L3,1
NID1,1
NRP1,1
GLIPR2,1
F13A1,1
LIFR,1
EGR1,1
CAV2,1
CADM1,1
DAB2,1
FAM153B,1
PCDH10,1
ADGRL3,1
ARMCX1,1
ANKFN1,1
GLIPR1,1
ADGRB3-DT,1
DAB2,1
ARMH4,1
CCR2,1
FAM13C,1
SOCS2,1
ACTA1,1
PTN,1
DUSP1,1
PRG4,1
VIM,1
NBEA,1
ARMCX4,1
DAB2,1
EGR1,1
SCN11A,1
GLRB,1
ZMAT1,1
TMTC1,1
CSRNP3,1
PAPSS2,1
WASF3,1
TRPS1,1
CACNA1D,1
LGR6,1
ZNF667-AS1,1
ILDR2,1
PAPPA,1
LOC440895,1
MEST,1
POSTN,1
CACHD1,1
TLCD4,1
CACNA2D1,1
PCDH10,1
LSAMP,1
ME1,1
ZNF662,1
GPC3,1
COL4A3,1
SFRP1,1
HOXA9,1
CPVL,1
LIFR,1
HOXD10,1
FOS,1
FGL2,1
PDGFRL,1
EGR2,1
EMP3,1
UPK3A,1
DAB2,1
ANTXR2,1
PDE1C,1
ZEB2,1
VCAM1,1
SYBU,1
ALDH7A1,1
TNFRSF19,1
DAB2,1
LOX,1
GAP43,1
ZNF385B,1
GNG2,1
ADH1C,1
ALDH7A1,1
NOX4,1
TRNP1,1
LOXL1,1
PLA2G4A,1
SFRP1,1
GPR34,1
STEAP4,1
RNASE1,1
GPX3,1
STEAP4,1
CDKN2B,1
NRP2,1
KCTD12,1
SULF1,1
TMTC1,1
SULF1,1
RGS13,1
THBS2,1
OLFML2B,1
MS4A6A,1
CNTN3,1
BTNL9,1
SHC4,1
ADAMTS2,1
SELE,1
SULF1,1
SCUBE2,1
HBA1,1
GPX3,1
SLC22A3,1
BMP6,1
ANKRD36B,1
NNMT,1
CRISP3,1
SCN11A,1
TMEM158,1
NBEA,1
ZNF727,1
MRC1,1
TMEM176B,1
CX3CL1,1
TGFB2,1
MPEG1,1
HBB,1
KCND3,1
VGLL3,1
HBA2,1
HBA1,1
PTX3,1
SRGN,1
HBA1,1
HBB,1
ZDHHC11,1
HBA1,1
NNMT,1
EGR3,1
HBB,1
EMX2,1
HBA1,1
ZDHHC11,1
JCHAIN,1
HOXB8,1
KCND3,1
SCN11A,1
FABP4,1
MPEG1,1
RHEX,1
IL33,1
VGLL3,1
GZMK,1
HTR2B,1
MS4A6A,1
MS4A6A,1
IGH,1
TSPAN8,1
DCDC2,1
MS4A6A,1
CR1,1
C16orf54,1
AGR3,1
CCDC198,1
CX3CR1,1
FREM2,1
CCL2,1
NT5E,1
HSPB8,1
MS4A1,1
ERP27,1
SLC3A1,1
COMP,1
FBLN1,1
CLIC6,1
FOSB,1
MMP7,1
MS4A4A,1
MS4A4A,1
GABBR2,1
HMGCS2,1
CAPN8,1
HLA-DQA1,1
KCNJ16,1
LYZ,1
SPON1,2
FHL1,2
AOX1,2
NEGR1,2
SLIT2,2
FHL1,2
TAGLN,2
TAGLN,2
CLEC3B,2
MSRB3,2
SLIT2,2
MFAP4,2
ASPN,2
FHL1,2
MYH11,2
MYL9,2
SPON1,2
SYNPO2,2
PTGIS,2
PDZRN3,2
COL14A1,2
MSRB3,2
ANK2,2
PRELP,2
MYLK,2
LMOD1,2
SMOC2,2
SCRG1,2
CCDC80,2
MYLK,2
ECRG4,2
CCDC80,2
SYNPO2,2
CORIN,2
AFF3,2
COL14A1,2
OMD,2
MAMDC2,2
ACTA2,2
SYNPO2,2
PRELP,2
DCN,2
RBM24,2
MIR100HG,2
DCN,2
SORBS1,2
MFAP5,2
MFAP5,2
SORBS1,2
CLDN11,2
DES,2
PDLIM3,2
MYH11,2
MFAP5,2
CXCL12,2
EFEMP1,2
EFEMP1,2
MATN2,2
PGM5,2
ATP1A2,2
BCHE,2
DPT,2
PDZRN4,2
MGP,2
TCEAL2,2
PRUNE2,2
SYNM,2
SFRP2,2
SFRP1,2
OGN,3
FHL1,3
MYH11,3
OGN,3
CHRDL1,3
CNN1,3
CCDC80,3
MYH11,3
ACTG2,3
C7,3
ADH1B,3
ADH1B,3
PLN,3
PLN,3
PLN,3
PCP4,3
SYNPO2,3
MREG,4
HMGA1,4
POLQ,4
MCM4,4
AURKB,4
TTK,4
MCM4,4
GINS1,4
BRIP1,4
NCAPH,4
ABHD17C,4
LSR,4
CENPN,4
FANCI,4
KIF2C,4
CDK1,4
E2F7,4
CCNB1,4
MAD2L1,4
KIF11,4
HJURP,4
CDC20,4
F12,4
EZH2,4
PLK4,4
HK2,4
DEPDC1B,4
PBK,4
SFN,4
FAM72C,4
CCNB1,4
CCNB2,4
WDR72,4
ARHGAP11B,4
RACGAP1,4
KIF4A,4
RHPN2,4
TYMS,4
PERP,4
C12orf56,4
NEK2,4
FAM83H,4
CDCA5,4
PKP3,4
TOP2A,4
MKI67,4
AURKA,4
CDK1,4
BUB1B,4
MND1,4
KIF15,4
SFN,4
KIF14,4
NUF2,4
BUB1,4
SFN,4
DSP,4
KIF14,4
RAD51,4
CDK1,4
MELK,4
MTFR2,4
CDCA3,4
TPX2,4
PMAIP1,4
AURKA,4
FOXM1,4
LAMB3,4
PMAIP1,4
PRC1,4
DLGAP5,4
NUSAP1,4
PTTG1,4
DEPDC1,4
OIP5,4
KIF20A,4
HMMR,4
CHMP4C,4
DEPDC1,4
ZWINT,4
GJB3,4
DEPDC1,4
UHRF1,4
ZNF165,4
SLC7A11,4
MAPK13,4
ANLN,4
CENPF,4
TRIP13,4
BIRC5,4
SPC25,4
UBE2C,4
CKS2,4
HMMR,4
ESM1,4
CHEK1,4
CCNA2,4
MIR210HG,4
ADAM10,4
NCAPG,4
KNL1,4
GNA15,4
GJB3,4
ESRP1,4
ANLN,4
VEGFA,4
PCLAF,4
DTL,4
MCM10,4
LMNB1,4
CDCA2,4
KIF23,4
IRF6,4
WDR72,4
IQGAP3,4
ESRP1,4
SLC2A1,4
TTC22,4
KIF18B,4
RRM2,4
NCAPG,4
CHEK1,4
TK1,4
CDT1,4
ULBP2,4
CDC6,4
CDC6,4
MXD1,4
SERPINB5,4
SLC7A5,4
CCNE2,4
ANXA8,4
RRM2,4
MROH1,4
TRIM29,4
GTSE1,4
MCM10,4
ASPM,4
CEP55,4
CRYBG2,4
IGSF11,4
MKI67,4
VEGFA,4
CENPU,4
CDH1,4
CENPA,4
SLC44A5,4
MIR210HG,4
WDR72,4
AIM2,4
VEGFA,4
MXD1,4
LRATD1,4
S100A14,4
TFAP2A,4
BBOX1-AS1,4
BAIAP2L1,4
PRR11,4
TNFSF11,4
SLC44A5,4
DTL,4
KRT14,4
CENPU,4
LRATD1,4
VEGFA,4
KRT80,4
SLC7A11,4
LRATD1,4
LRATD1,4
CAPN14,4
HILPDA,4
TRIM29,4
CENPK,4
TOP2A,4
LRP8,4
FERMT1,4
GJB2,4
PSAT1,4
KLHDC7B,4
ADGRF4,4
PRSS8,4
FCRLB,4
KRT17,4
KRT17,4
KLF5,4
FAM83C,4
DUXAP8,4
XDH,4
KLHDC7B,4
DUXAP8,4
FNDC3B,4
CDH3,4
ERO1A,4
CKMT1B,4
HTR2C,4
EPPK1,4
ARNTL2,4
LINC00491,4
ADGRF4,4
ASXL1,4
OAS1,4
SLC2A1,4
EGLN3,4
KRT6B,4
HOMER1,4
FOXA1,4
EPPK1,4
SLC6A8,4
POF1B,4
SLC6A8,4
OAS1,4
EPPK1,4
CCN6,4
DUXAP8,4
PAX9,4
LYPD3,4
ANXA8L1,4
CEACAM5,4
HILPDA,4
KRT6A,4
EGLN3,4
HS6ST2,4
INA,4
FOXF2,4
AATBC,4
LINC00511,4
SCD,4
KRT16,4
SLC6A14,4
GJB6,4
PTPRR,4
CYP2J2,4
POU6F2-AS2,4
KISS1R,4
MYEOV,4
SDC1,4
SPINK5,4
CA9,4
SDC1,4
NCALD,4
PEX13,4
CEACAM6,4
KRT15,4
TBX1,4
HS6ST2,4
TBX1,4
CEACAM6,4
PTPRR,4
APOBEC3B,4
EPHX3,4
AADAC,4
H3C4,4
LAMC2,4
LOC105375172,4
HS6ST2,4
LY6D,4
CLCA2,4
TCN1,4
TDO2,4
MMP10,4
TRIM31,4
SPRR1B,4
MMP12,4
HAS3,4
CLCA2,4
PI3,4
SDR16C5,4
CLCA2,4
SERPINB3,4
FAM83A,4
CLCA2,4
GPRC5A,4
MSMB,4
SERPINB13,4
SERPINB2,4
SERPINB3,4
TRIM31,4
MSMB,4
SERPINB13,4
CXCL13,4
CTAG1B,4
IDO1,4
SERPINB4,4
DSC3,4
CTAG1B,4
ERVK3-2,4
TFF2,4
TREM1,4
TFF1,4
MAGEA9,4
SERPINB4,4
CXCL11,4
UCA1,4
DSC3,4
FABP6,4
MAGEA6,4
CHI3L1,4
CXCL8,4
DSC3,4
SOX2,4
MAGEA3,4
SLITRK6,4
CXCL8,4
S100A7,4
SPP1,4
CXCL11,4
MMP1,4
AKR1B10,4
CLCA4,4
CRH,4
KRT6A,5
